,cargo_width,cargo_height,cargo_length,density_percent,filling_space_percent,box_count,box_unique,box_sum_size_width,box_mean_size_width,box_sum_size_height,box_mean_size_height,box_sum_size_length,box_mean_size_length
0,2400.0,2400.0,13300.0,91.90237,76.74275,28,7,33922,1211.5,58660,2095.0,23123,825.8214285714286
1,2400.0,2400.0,13300.0,92.9466,80.69541,28,8,33127,1183.107142857143,58660,2095.0,25182,899.3571428571429
2,2400.0,2400.0,13300.0,97.69497,83.2662,58,9,69444,1197.3103448275863,121510,2095.0,51120,881.3793103448276
3,2490.0,2590.0,13490.0,94.50057,73.3118,87,9,104226,1198.0,182265,2095.0,76641,880.9310344827586
4,2400.0,2400.0,13300.0,97.69497,83.2662,58,9,69444,1197.3103448275863,121510,2095.0,51120,881.3793103448276
5,2490.0,2590.0,13490.0,94.50057,73.3118,87,9,104226,1198.0,182265,2095.0,76641,880.9310344827586
6,2490.0,2590.0,13490.0,94.50057,73.3118,87,9,104226,1198.0,182265,2095.0,76641,880.9310344827586
7,2490.0,2590.0,13490.0,94.98881,73.19505,29,9,34870,1202.4137931034484,60755,2095.0,25396,875.7241379310345
8,2490.0,2590.0,13490.0,77.84735,33.76357,6,2,6750,1125.0,5400,900.0,24150,4025.0
9,2480.0,2860.0,13600.0,74.49223,19.39104,20,2,23300,1165.0,12250,612.5,26700,1335.0
10,2490.0,2590.0,13490.0,87.56514,77.39739,22,5,29255,1329.7727272727273,50175,2280.681818181818,22391,1017.7727272727273
11,2490.0,2590.0,13490.0,87.56514,77.39739,22,5,29255,1329.7727272727273,50175,2280.681818181818,22391,1017.7727272727273
12,2490.0,2590.0,13490.0,93.81288,81.8931,28,3,33600,1200.0,63700,2275.0,26124,933.0
13,2490.0,2590.0,13490.0,85.20238,70.33821,25,3,30000,1200.0,57550,2302.0,22176,887.04
14,2490.0,2590.0,13490.0,88.2767,72.87619,26,3,31200,1200.0,59850,2301.923076923077,22976,883.6923076923077
15,2490.0,2590.0,13490.0,85.20238,70.33821,25,3,30000,1200.0,57550,2302.0,22176,887.04
16,2490.0,2590.0,13490.0,87.56514,77.39739,22,5,29255,1329.7727272727273,50175,2280.681818181818,22391,1017.7727272727273
17,2490.0,2590.0,13490.0,87.57304,77.34673,22,5,29245,1329.3181818181818,50175,2280.681818181818,22381,1017.3181818181819
18,2490.0,2590.0,13490.0,87.57304,77.34673,22,5,29245,1329.3181818181818,50175,2280.681818181818,22381,1017.3181818181819
19,2490.0,2590.0,13490.0,88.57566,77.72499,22,4,29419,1337.2272727272727,50260,2284.5454545454545,22294,1013.3636363636364
20,2352.0,2393.0,5898.0,74.82203,23.33222,8,4,9680,1210.0,6954,869.25,7000,875.0
21,800.0,2000.0,1200.0,98.60759,96.40125,216,2,64800,300.0,23760,110.0,64800,300.0
22,800.0,2000.0,1200.0,98.60759,96.40125,216,2,64800,300.0,23760,110.0,64800,300.0
23,800.0,2000.0,1200.0,96.67411,89.26042,200,2,60000,300.0,22000,110.0,60000,300.0
24,800.0,2000.0,1200.0,92.0202,91.1,25,3,10480,419.2,7420,296.8,14400,576.0
25,800.0,2000.0,1200.0,100.0,44.2975,40,1,15600,390.0,7520,188.0,11600,290.0
26,2490.0,2590.0,13490.0,94.85075,87.65683,606,7,298200,492.0792079207921,235300,388.2838283828383,391700,646.3696369636964
27,2490.0,2590.0,13490.0,94.59571,14.14806,2,2,2728,1364.0,4235,2117.5,4117,2058.5
28,2480.0,2700.0,5800.0,48.34073,22.5572,355,14,96659,272.2788732394366,113527,319.7943661971831,93064,262.15211267605633
29,2480.0,2650.0,8000.0,83.12514,61.67349,143,6,66805,467.16783216783216,66758,466.83916083916085,147266,1029.832167832168
30,2480.0,2650.0,13600.0,64.09206,36.27852,143,7,73805,516.1188811188811,66758,466.83916083916085,140266,980.8811188811189
31,2040.0,2674.0,8880.0,82.48478,66.93935,143,9,102991,720.2167832167833,67158,469.6363636363636,110680,773.986013986014
32,2282.0,2494.0,5000.0,79.86281,74.76472,98,5,44905,458.2142857142857,44158,450.59183673469386,102166,1042.5102040816328
33,2480.0,2650.0,13600.0,64.09206,36.27852,143,7,73805,516.1188811188811,66758,466.83916083916085,140266,980.8811188811189
34,2480.0,2650.0,13600.0,71.1258,36.03909,141,5,72505,514.2198581560284,65758,466.36879432624113,139766,991.2482269503546
35,2352.0,2385.0,12032.0,47.12039,46.98162,10,10,13870,1387.0,9480,948.0,15480,1548.0
36,2352.0,2385.0,12032.0,61.0961,41.90538,9,9,10730,1192.2222222222222,10590,1176.6666666666667,12650,1405.5555555555557
37,2000.0,3000.0,4000.0,57.356,12.4322,120,3,27900,232.5,35600,296.6666666666667,39530,329.4166666666667
38,1000.0,2000.0,1200.0,65.11797,64.11222,57,10,14730,258.42105263157896,19667,345.03508771929825,15760,276.49122807017545
39,2000.0,3000.0,4000.0,89.28571,38.847,100,1,46000,460.0,36000,360.0,56300,563.0
40,2000.0,3000.0,4000.0,92.0,17.09268,44,1,20240,460.0,24772,563.0,15840,360.0
41,1000.0,2000.0,1200.0,66.78357,64.11222,57,10,19162,336.17543859649123,14419,252.96491228070175,16576,290.8070175438597
42,2000.0,3000.0,4000.0,100.0,13.59645,35,1,12600,360.0,16100,460.0,19705,563.0
43,1000.0,2000.0,1200.0,89.83519,8.8847,2,2,860,430.0,860,430.0,1163,581.5
44,2450.0,2450.0,13600.0,48.6395,10.73143,355,15,103990,292.92957746478874,94894,267.3070422535211,104366,293.9887323943662
45,800.0,2000.0,1200.0,98.14815,69.5625,28,2,8400,300.0,13920,497.14285714285717,9320,332.85714285714283
46,800.0,2000.0,1200.0,98.14815,69.5625,28,2,8400,300.0,13920,497.14285714285717,9320,332.85714285714283
47,2490.0,2590.0,13490.0,67.31604,44.18843,10,6,14704,1470.4,5194,519.4,45527,4552.7
48,2490.0,2590.0,13490.0,67.31604,44.18843,10,6,14704,1470.4,5194,519.4,45527,4552.7
49,800.0,1500.0,1200.0,100.0,94.25,50,1,19500,390.0,14500,290.0,12000,240.0
50,2490.0,2590.0,13490.0,88.36067,85.15112,101,8,27720,274.45544554455444,96080,951.2871287128713,597120,5912.079207920792
51,2490.0,2590.0,13490.0,64.88293,44.18843,10,7,11704,1170.4,8194,819.4,45527,4552.7
52,2490.0,2590.0,13490.0,64.88293,44.18843,10,7,11704,1170.4,8194,819.4,45527,4552.7
53,800.0,2000.0,1200.0,77.27151,71.8625,28,5,11300,403.57142857142856,8560,305.7142857142857,11420,407.85714285714283
54,800.0,2000.0,1200.0,77.27151,71.8625,28,5,11300,403.57142857142856,8560,305.7142857142857,11420,407.85714285714283
55,800.0,2000.0,1200.0,77.27151,71.8625,28,5,11300,403.57142857142856,8560,305.7142857142857,11420,407.85714285714283
56,800.0,2000.0,1200.0,71.76758,45.93125,16,5,6220,388.75,5080,317.5,7140,446.25
57,800.0,2000.0,1200.0,92.46575,77.175,42,2,16520,393.3333333333333,11760,280.0,14140,336.6666666666667
58,2480.0,2650.0,13600.0,76.71037,9.69831,37,6,33220,897.8378378378378,17873,483.05405405405406,20166,545.027027027027
59,2480.0,2650.0,13600.0,57.5931,26.07989,64,5,55500,867.1875,33400,521.875,73700,1151.5625
60,2480.0,2650.0,13600.0,97.22222,11.7477,26,3,44000,1692.3076923076924,9800,376.9230769230769,17000,653.8461538461538
61,2352.0,2385.0,12032.0,76.66329,67.26549,1000,6,379700,379.7,330000,330.0,380300,380.3
62,2352.0,2393.0,5898.0,54.54993,38.46568,3,3,5802,1934.0,4283,1427.6666666666667,5490,1830.0
63,1000.0,2000.0,1200.0,91.71076,74.36,20,2,6980,349.0,10020,501.0,10400,520.0
64,800.0,2000.0,1200.0,96.2963,65.065,14,2,5000,357.14285714285717,6900,492.85714285714283,7280,520.0
65,2480.0,2700.0,5800.0,47.72066,42.06488,29,26,25477,878.5172413793103,14250,491.37931034482756,44318,1528.2068965517242
66,2490.0,2590.0,13490.0,40.52943,18.77811,29,26,22272,768.0,13555,467.41379310344826,48218,1662.6896551724137
67,2490.0,2590.0,13490.0,71.082,37.55623,58,30,46338,798.9310344827586,27720,477.9310344827586,94032,1621.2413793103449
68,2490.0,2590.0,13490.0,68.40217,37.45305,58,27,51076,880.6206896551724,27050,466.37931034482756,90104,1553.5172413793102
69,2490.0,2590.0,13490.0,41.19428,19.2452,30,25,23196,773.2,14135,471.1666666666667,49264,1642.1333333333334
70,2480.0,2700.0,5800.0,46.73114,34.61566,29,25,33693,1161.8275862068965,15685,540.8620689655172,30452,1050.0689655172414
71,2480.0,2700.0,5800.0,56.64959,43.1112,30,25,24482,816.0666666666667,15215,507.1666666666667,46898,1563.2666666666667
72,2490.0,2590.0,13490.0,61.41011,33.90597,58,25,38472,663.3103448275862,26600,458.62068965517244,100684,1735.9310344827586
73,2490.0,2590.0,13490.0,41.13347,16.95298,29,24,26956,929.5172413793103,13300,458.62068965517244,42622,1469.7241379310344
74,2480.0,2700.0,5800.0,48.1391,37.9764,29,26,26576,916.4137931034483,14280,492.41379310344826,42022,1449.0344827586207
75,2480.0,2700.0,5800.0,57.74171,42.67946,29,25,22982,792.4827586206897,14560,502.0689655172414,47566,1640.2068965517242
76,2480.0,2860.0,13600.0,100.0,18.4599,6,1,11400,1900.0,8520,1420.0,6600,1100.0
77,2352.0,2393.0,5898.0,58.42065,55.68084,777,25,250625,322.55469755469755,93880,120.82368082368082,975000,1254.8262548262549
78,2352.0,2393.0,5898.0,80.89684,80.79543,998,41,525535,526.5881763527054,89232,89.41082164328657,1287100,1289.679358717435
79,2352.0,2393.0,5898.0,68.76023,68.67403,903,35,432005,478.4108527131783,101068,111.92469545957918,1134590,1256.4673311184938
80,2480.0,2700.0,5800.0,61.33229,33.5056,28,27,26279,938.5357142857143,13440,480.0,37571,1341.8214285714287
81,2490.0,2590.0,13490.0,19.33186,14.92808,29,25,29356,1012.2758620689655,17447,601.6206896551724,32675,1126.7241379310344
82,2500.0,2472.0,9550.0,51.0817,41.32823,57,34,40684,713.7543859649123,23335,409.3859649122807,91302,1601.7894736842106
83,2500.0,2472.0,9550.0,53.63111,50.87579,80,38,55048,688.1,33766,422.075,126515,1581.4375
84,2480.0,2860.0,13600.0,63.93429,37.10871,85,40,70900,834.1176470588235,37235,438.05882352941177,123029,1447.4
85,2480.0,2860.0,13600.0,63.93429,37.10871,85,40,70900,834.1176470588235,37235,438.05882352941177,123029,1447.4
86,2600.0,2650.0,9700.0,66.47978,53.56012,85,44,54714,643.6941176470589,39992,470.49411764705883,136458,1605.3882352941177
87,2500.0,2472.0,9550.0,53.63111,50.87579,80,38,55048,688.1,33766,422.075,126515,1581.4375
88,2040.0,2674.0,8880.0,74.99093,73.8972,85,44,51764,608.9882352941177,44326,521.4823529411765,135074,1589.105882352941
89,2490.0,2590.0,13490.0,56.38446,41.14542,85,36,59881,704.4823529411765,35025,412.05882352941177,136258,1603.035294117647
90,2490.0,2590.0,13490.0,58.79771,28.03675,57,32,41969,736.2982456140351,24780,434.7368421052632,88572,1553.8947368421052
91,2600.0,2650.0,9700.0,97.57007,58.7584,55,3,8770,159.45454545454547,62180,1130.5454545454545,330000,6000.0
92,2600.0,2650.0,9700.0,99.34407,59.82673,56,3,9960,177.85714285714286,62280,1112.142857142857,336000,6000.0
93,800.0,1500.0,1200.0,100.0,94.25,50,1,19500,390.0,14500,290.0,12000,240.0
94,2352.0,2393.0,5898.0,95.74977,92.02861,60,1,23100,385.0,69000,1150.0,69000,1150.0
95,800.0,2000.0,1200.0,84.72558,45.54,47,4,14520,308.93617021276594,10505,223.51063829787233,12340,262.5531914893617
96,2040.0,2674.0,8880.0,96.25668,53.50945,18,2,18800,1044.4444444444443,27000,1500.0,17200,955.5555555555555
97,2480.0,2860.0,13600.0,96.77419,50.7557,34,1,40800,1200.0,51000,1500.0,27200,800.0
98,2480.0,2860.0,13600.0,96.9697,47.77007,32,1,25600,800.0,48000,1500.0,38400,1200.0
99,2490.0,2590.0,13490.0,100.0,52.96652,32,2,26400,825.0,48000,1500.0,37600,1175.0
100,800.0,2000.0,1200.0,100.0,81.51,24,1,18240,760.0,7920,330.0,6240,260.0
101,800.0,2000.0,1200.0,78.54167,28.275,40,2,8750,218.75,9600,240.0,10650,266.25
102,800.0,2000.0,1200.0,100.0,28.275,40,1,7800,195.0,11600,290.0,9600,240.0
103,2342.0,2375.0,12022.0,58.3553,21.13438,6,6,11810,1968.3333333333333,3890,648.3333333333334,12020,2003.3333333333333
104,2480.0,2650.0,13600.0,72.75861,39.80357,4,4,7982,1995.5,5588,1397.0,13504,3376.0
105,2480.0,2860.0,13600.0,100.0,45.15764,24,1,26400,1100.0,36000,1500.0,26400,1100.0
106,2352.0,2385.0,12032.0,87.6733,63.45481,18,3,13680,760.0,32220,1790.0,31250,1736.111111111111
107,800.0,2000.0,1200.0,100.0,91.54833,28,1,10640,380.0,7840,280.0,16520,590.0
108,1978.0,2100.0,4168.0,83.33333,50.76313,140,2,43540,311.0,78260,559.0,53200,380.0
109,2352.0,2698.0,12032.0,90.02139,89.71148,1293,44,461849,357.19180201082753,491526,380.14385150812063,549337,424.85460170146945
110,2480.0,2860.0,13600.0,64.19423,62.84749,27,3,33600,1244.4444444444443,21600,800.0,49200,1822.2222222222222
111,2480.0,2860.0,13600.0,64.19423,62.84749,27,3,33600,1244.4444444444443,21600,800.0,49200,1822.2222222222222
112,2480.0,2860.0,13600.0,100.0,56.926,6,1,9600,1600.0,7800,1300.0,26400,4400.0
113,2480.0,2860.0,13600.0,77.84735,30.45109,6,2,6750,1125.0,5400,900.0,24150,4025.0
114,2480.0,2860.0,13600.0,74.49223,19.39104,20,2,23300,1165.0,12250,612.5,26700,1335.0
115,2352.0,2385.0,12032.0,87.6733,63.45481,18,3,13680,760.0,32220,1790.0,31250,1736.111111111111
116,2490.0,2590.0,13490.0,92.23891,49.22855,18,3,31250,1736.111111111111,32220,1790.0,13680,760.0
117,2490.0,2590.0,13490.0,99.0303,90.15342,726,3,261600,360.3305785123967,353400,486.77685950413223,436800,601.6528925619834
118,2490.0,2590.0,13490.0,96.76119,89.42238,588,3,266800,453.74149659863946,265200,451.0204081632653,376400,640.1360544217687
119,2480.0,2700.0,5800.0,61.33229,33.5056,28,27,26279,938.5357142857143,13440,480.0,37571,1341.8214285714287
120,1978.0,2100.0,4168.0,54.65243,40.83572,9,8,8445,938.3333333333334,4790,532.2222222222222,14577,1619.6666666666667
121,2490.0,2590.0,13490.0,65.47454,44.87155,84,36,61261,729.297619047619,36265,431.7261904761905,134344,1599.3333333333333
122,2490.0,2590.0,13490.0,72.07275,29.91436,56,30,43906,784.0357142857143,24195,432.05357142857144,86479,1544.267857142857
123,2490.0,2590.0,13490.0,38.54637,14.95718,28,25,23611,843.25,11140,397.85714285714283,42539,1519.25
124,2490.0,2590.0,13490.0,38.54637,14.95718,28,25,23611,843.25,11140,397.85714285714283,42539,1519.25
125,2450.0,2800.0,8000.0,57.12663,20.40237,122,3,49000,401.6393442622951,41750,342.21311475409834,56755,465.2049180327869
126,2450.0,2800.0,8000.0,57.12663,20.40237,122,3,49000,401.6393442622951,41750,342.21311475409834,56755,465.2049180327869
127,2450.0,2800.0,8000.0,78.15957,17.40565,103,3,47711,463.2135922330097,35550,345.1456310679612,41734,405.18446601941747
128,2450.0,2800.0,8000.0,97.02857,17.32653,60,2,33600,560.0,28480,474.6666666666667,32800,546.6666666666666
129,2490.0,2590.0,13490.0,100.0,9.27537,22,1,27280,1240.0,11220,510.0,12760,580.0
130,2352.0,2698.0,12032.0,92.6792,87.26672,242,6,118345,489.0289256198347,159720,660.0,209335,865.0206611570248
131,2352.0,2698.0,12032.0,84.38954,82.49303,230,5,169140,735.3913043478261,151800,660.0,141680,616.0
132,800.0,2000.0,1200.0,64.32014,40.36089,12,6,2765,230.41666666666666,7015,584.5833333333334,9993,832.75
133,800.0,2000.0,1200.0,100.0,81.51,24,1,18240,760.0,7920,330.0,6240,260.0
134,2480.0,2860.0,13600.0,63.06331,49.32367,6,6,10431,1738.5,7033,1172.1666666666667,15725,2620.8333333333335
135,2480.0,2860.0,13600.0,73.58014,9.21302,4,4,6240,1560.0,3030,757.5,6740,1685.0
136,2352.0,2393.0,5898.0,74.43785,71.54494,890,44,486353,546.4640449438202,81622,91.71011235955056,1224240,1375.5505617977528
137,2352.0,2393.0,5898.0,19.36201,14.56399,147,9,33110,225.23809523809524,70820,481.7687074829932,227600,1548.299319727891
138,2352.0,2393.0,5898.0,80.87282,26.97439,495,4,239900,484.64646464646466,38280,77.33333333333333,433400,875.5555555555555
139,2352.0,2393.0,5898.0,51.02041,9.03725,56,3,15550,277.67857142857144,4050,72.32142857142857,200000,3571.4285714285716
140,800.0,2000.0,1200.0,96.92308,85.05,120,2,46800,390.0,10800,90.0,46800,390.0
141,800.0,2000.0,1200.0,96.92308,42.525,60,2,23400,390.0,5400,90.0,23400,390.0
142,2490.0,2590.0,13490.0,91.03864,88.47085,241,4,436980,1813.195020746888,97600,404.9792531120332,154300,640.2489626556016
143,2490.0,2590.0,13490.0,69.50217,18.89139,53,4,58870,1110.754716981132,18700,352.8301886792453,71750,1353.7735849056603
144,2480.0,2860.0,13600.0,70.27402,49.06333,4,4,6830,1707.5,9800,2450.0,11130,2782.5
145,800.0,2000.0,1200.0,78.75313,23.62594,25,6,5730,229.2,6090,243.6,7140,285.6
146,800.0,2000.0,1200.0,79.34408,37.68844,52,6,11480,220.76923076923077,10690,205.57692307692307,14340,275.7692307692308
147,800.0,2000.0,1200.0,79.34408,37.68844,52,6,11480,220.76923076923077,10690,205.57692307692307,14340,275.7692307692308
148,2400.0,2650.0,13600.0,96.37681,46.74436,26,4,24000,923.0769230769231,49400,1900.0,23000,884.6153846153846
149,2480.0,2860.0,13600.0,81.91095,41.19235,36,3,35400,983.3333333333334,21000,583.3333333333334,78600,2183.3333333333335
150,800.0,2000.0,1200.0,100.0,69.5625,60,1,21000,350.0,7200,120.0,31800,530.0
151,800.0,2000.0,1200.0,100.0,37.1,32,1,11200,350.0,3840,120.0,16960,530.0
152,2400.0,2650.0,13600.0,82.22222,13.00407,7,3,6800,971.4285714285714,13300,1900.0,6200,885.7142857142857
153,2480.0,2860.0,13600.0,74.49223,19.39104,20,2,23300,1165.0,12250,612.5,26700,1335.0
154,1870.0,2135.0,3050.0,42.01936,38.19572,22,15,11205,509.3181818181818,12355,561.5909090909091,25485,1158.409090909091
155,1870.0,2135.0,3050.0,57.59296,38.19572,22,14,13945,633.8636363636364,8125,369.3181818181818,26975,1226.1363636363637
156,1870.0,2135.0,3050.0,42.04208,38.19572,22,15,8535,387.95454545454544,17055,775.2272727272727,23455,1066.1363636363637
157,1870.0,2135.0,3050.0,62.77504,38.19572,22,16,15335,697.0454545454545,8135,369.77272727272725,25575,1162.5
158,1870.0,2135.0,3050.0,65.46077,30.50044,17,9,8255,485.5882352941176,6675,392.6470588235294,22645,1332.0588235294117
159,2352.0,2698.0,12032.0,97.09122,97.09122,2656,52,753140,283.56174698795184,853041,321.1750753012048,753513,283.70218373493975
160,2490.0,2590.0,13490.0,93.1677,64.13914,30,2,53200,1773.3333333333333,15800,526.6666666666666,93000,3100.0
161,2352.0,2698.0,12032.0,97.23703,97.12891,2849,54,708445,248.66444366444367,882080,309.61038961038963,844301,296.34994734994734
162,2490.0,2590.0,13490.0,93.1677,64.13914,30,2,53200,1773.3333333333333,15800,526.6666666666666,93000,3100.0
163,2480.0,2860.0,13600.0,81.48355,76.53095,129,20,104910,813.2558139534884,111720,866.046511627907,119130,923.4883720930233
164,2480.0,2860.0,13600.0,80.69243,66.81149,108,12,86770,803.425925925926,94750,877.3148148148148,102380,947.9629629629629
165,2480.0,2860.0,13600.0,82.43559,66.81149,108,14,107470,995.0925925925926,65170,603.425925925926,111260,1030.1851851851852
166,2480.0,2860.0,13600.0,79.32225,59.33031,75,6,59830,797.7333333333333,86270,1150.2666666666667,64350,858.0
167,1978.0,2100.0,4168.0,82.99629,13.65445,6,4,5300,883.3333333333334,3600,600.0,4500,750.0
168,2352.0,2385.0,12032.0,87.99219,85.23474,512,7,220350,430.37109375,223380,436.2890625,326550,637.79296875
169,2352.0,2385.0,12032.0,88.15806,85.23474,512,8,219450,428.61328125,222780,435.1171875,328050,640.72265625
170,2352.0,2385.0,12032.0,78.71894,32.67118,200,3,90750,453.75,95000,475.0,113250,566.25
171,2490.0,2590.0,13490.0,88.65248,32.18452,100,2,80000,800.0,69200,692.0,50800,508.0
172,2210.0,1960.0,4850.0,71.11329,41.70025,355,16,90187,254.04788732394366,109443,308.2901408450704,103620,291.88732394366195
173,2480.0,2860.0,13600.0,96.03554,91.76145,25,4,38750,1550.0,23200,928.0,64250,2570.0
174,2480.0,2860.0,13600.0,100.0,82.1048,16,1,19200,1200.0,20000,1250.0,52800,3300.0
175,2480.0,2860.0,13600.0,96.11241,74.45413,24,3,19300,804.1666666666666,41900,1745.8333333333333,53400,2225.0
176,2480.0,2860.0,13600.0,100.0,82.1048,16,1,19200,1200.0,20000,1250.0,52800,3300.0
177,800.0,1800.0,1200.0,62.12352,61.22618,71,45,19892,280.16901408450707,16876,237.69014084507043,16601,233.81690140845072
178,800.0,1800.0,1200.0,69.38607,68.57888,67,47,17669,263.7164179104478,15064,224.83582089552237,19475,290.67164179104475
179,800.0,1800.0,1200.0,62.12352,61.22618,71,45,19892,280.16901408450707,16876,237.69014084507043,16601,233.81690140845072
180,800.0,1800.0,1200.0,69.48575,69.36994,80,56,19005,237.5625,14946,186.825,25409,317.6125
181,2352.0,2393.0,5898.0,67.78855,52.63178,28,10,23060,823.5714285714286,18650,666.0714285714286,24520,875.7142857142857
182,800.0,1750.0,1200.0,82.67544,78.54167,29,3,11500,396.55172413793105,7990,275.51724137931035,12700,437.9310344827586
183,2480.0,2860.0,13600.0,96.36768,33.96153,200,2,240000,1200.0,37600,188.0,174400,872.0
184,800.0,1750.0,1200.0,82.67544,78.54167,29,3,11500,396.55172413793105,7990,275.51724137931035,12700,437.9310344827586
185,2480.0,2650.0,13600.0,64.15036,51.44133,28,9,29140,1040.7142857142858,29590,1056.7857142857142,25700,917.8571428571429
186,2280.0,2550.0,11500.0,97.37506,85.18542,924,2,504980,546.5151515151515,198660,215.0,492940,533.4848484848485
187,2280.0,2550.0,11500.0,97.07831,85.18542,924,4,499380,540.4545454545455,204930,221.78571428571428,492270,532.7597402597403
188,2480.0,2650.0,13600.0,58.77584,36.21864,22,12,26120,1187.2727272727273,24630,1119.5454545454545,24740,1124.5454545454545
189,2480.0,2650.0,13600.0,58.77584,36.21864,22,12,26120,1187.2727272727273,24630,1119.5454545454545,24740,1124.5454545454545
190,2480.0,2650.0,13600.0,68.5743,31.95821,7,7,9143,1306.142857142857,4985,712.1428571428571,21693,3099.0
191,2352.0,2385.0,12032.0,70.62405,59.67996,18,8,12270,681.6666666666666,11190,621.6666666666666,21330,1185.0
192,2352.0,2393.0,5898.0,73.86907,41.36421,19,10,12180,641.0526315789474,7910,416.3157894736842,38600,2031.578947368421
193,2480.0,2650.0,13600.0,58.77584,36.21864,22,12,26120,1187.2727272727273,24630,1119.5454545454545,24740,1124.5454545454545
194,2480.0,2650.0,13600.0,58.77584,36.21864,22,12,26120,1187.2727272727273,24630,1119.5454545454545,24740,1124.5454545454545
195,2352.0,2698.0,12032.0,97.97297,68.36809,116,2,121600,1048.2758620689656,69600,600.0,93000,801.7241379310345
196,2352.0,2698.0,12032.0,100.0,79.21268,112,2,139200,1242.857142857143,67200,600.0,96000,857.1428571428571
197,2600.0,2650.0,9700.0,98.94292,75.37522,156,2,74400,476.9230769230769,121680,780.0,137760,883.0769230769231
198,2490.0,2590.0,13490.0,83.49144,58.27236,4,3,8600,2150.0,7600,1900.0,12000,3000.0
199,2490.0,2590.0,13490.0,60.24496,36.16832,3,3,4776,1592.0,5139,1713.0,6940,2313.3333333333335
200,2490.0,2590.0,13490.0,92.22222,25.18668,2,2,4400,2200.0,3600,1800.0,5400,2700.0
201,2490.0,2590.0,13490.0,96.793,25.18668,2,2,4100,2050.0,4400,2200.0,4900,2450.0
202,2490.0,2590.0,13490.0,90.36453,69.254,5,4,8976,1795.2,9639,1927.8,13040,2608.0
203,2490.0,2590.0,13490.0,100.0,16.99342,2,1,4400,2200.0,3200,1600.0,4200,2100.0
204,800.0,2000.0,1200.0,100.0,80.0,96,2,25600,266.6666666666667,19200,200.0,32000,333.3333333333333
205,2480.0,2860.0,13600.0,96.77419,84.59283,68,1,81600,1200.0,85000,1250.0,54400,800.0
206,1978.0,2100.0,3089.0,71.60344,20.45812,18,4,9900,550.0,6000,333.3333333333333,16000,888.8888888888889
207,1978.0,2100.0,3089.0,71.62117,19.87361,17,3,13600,800.0,5500,323.52941176470586,11500,676.4705882352941
208,2490.0,2590.0,13490.0,62.45954,30.29062,13,11,17970,1382.3076923076924,19230,1479.2307692307693,12390,953.0769230769231
209,2480.0,2860.0,13600.0,81.91095,41.19235,36,3,35400,983.3333333333334,21000,583.3333333333334,78600,2183.3333333333335
210,2490.0,2590.0,13490.0,66.39771,20.85596,11,11,14220,1292.7272727272727,15630,1420.909090909091,9940,903.6363636363636
211,2480.0,2860.0,13600.0,62.90965,18.80982,11,11,14220,1292.7272727272727,15630,1420.909090909091,9940,903.6363636363636
212,2480.0,2860.0,13600.0,72.5886,41.19235,36,7,36500,1013.8888888888889,24550,681.9444444444445,73950,2054.1666666666665
213,2352.0,2393.0,5898.0,51.64177,40.09525,17,7,16030,942.9411764705883,12480,734.1176470588235,18110,1065.2941176470588
214,2490.0,2590.0,13490.0,90.50388,48.31126,15,3,12000,800.0,11400,760.0,57900,3860.0
215,2480.0,2860.0,13600.0,83.32393,73.52112,28,4,22500,803.5714285714286,36400,1300.0,52200,1864.2857142857142
216,2480.0,2860.0,13600.0,87.39534,49.77604,27,6,24600,911.1111111111111,26600,985.1851851851852,45100,1670.3703703703704
217,2480.0,2860.0,13600.0,87.39534,49.77604,27,6,24600,911.1111111111111,26600,985.1851851851852,45100,1670.3703703703704
218,800.0,2300.0,1200.0,75.71057,73.73551,15,7,7750,516.6666666666666,6160,410.6666666666667,7200,480.0
219,2352.0,2698.0,12032.0,81.01689,28.95035,20,2,27320,1366.0,17600,880.0,18000,900.0
220,2352.0,2698.0,12032.0,44.70031,12.22767,17,2,18000,1058.8235294117646,10325,607.3529411764706,14800,870.5882352941177
221,800.0,2000.0,1200.0,75.59837,28.97938,9,8,4040,448.8888888888889,3500,388.8888888888889,3210,356.6666666666667
222,2490.0,2590.0,13490.0,69.94527,31.43737,10,5,9400,940.0,13500,1350.0,9750,975.0
223,2490.0,2590.0,13490.0,69.94527,31.43737,10,5,9400,940.0,13500,1350.0,9750,975.0
224,2352.0,2698.0,12032.0,36.53614,12.25662,37,4,19532,527.8918918918919,14485,391.4864864864865,15400,416.2162162162162
225,2352.0,2385.0,12032.0,68.59527,57.52224,16,10,12350,771.875,8320,520.0,53860,3366.25
226,800.0,2000.0,1200.0,86.80556,52.08333,100,2,20750,207.5,20000,200.0,24250,242.5
227,2352.0,2385.0,12032.0,62.75112,29.23714,1078,7,377180,349.8886827458256,121230,112.4582560296846,377100,349.81447124304265
228,2352.0,2385.0,12032.0,62.75112,29.23714,1078,7,377180,349.8886827458256,121230,112.4582560296846,377100,349.81447124304265
229,2352.0,2385.0,12032.0,62.75112,29.23714,1078,7,377180,349.8886827458256,121230,112.4582560296846,377100,349.81447124304265
230,2600.0,2650.0,9700.0,89.19566,86.97141,180,6,136840,760.2222222222222,102320,568.4444444444445,146040,811.3333333333334
231,2600.0,2650.0,9700.0,92.61204,55.56507,115,2,89820,781.0434782608696,103060,896.1739130434783,53220,462.7826086956522
232,2480.0,2700.0,5800.0,57.13679,34.93882,12,4,14300,1191.6666666666667,10160,846.6666666666666,13460,1121.6666666666667
233,2352.0,2385.0,12032.0,40.82913,18.1407,0,0,0,,0,,0,
234,1000.0,2000.0,1200.0,100.0,73.5075,12,1,9720,810.0,3960,330.0,6600,550.0
235,800.0,2000.0,1200.0,93.46154,68.91328,9,2,3190,354.44444444444446,6810,756.6666666666666,5210,578.8888888888889
236,1000.0,2000.0,1200.0,100.0,73.5075,12,1,9720,810.0,3960,330.0,6600,550.0
237,2480.0,2860.0,13600.0,57.18339,35.72492,17,6,18910,1112.3529411764705,16600,976.4705882352941,45500,2676.470588235294
238,2480.0,2860.0,13600.0,40.8035,35.72492,17,10,15010,882.9411764705883,20600,1211.764705882353,45400,2670.5882352941176
239,2352.0,2393.0,5898.0,75.40325,51.77125,31,5,12836,414.06451612903226,24561,792.2903225806451,53440,1723.8709677419354
240,2490.0,2590.0,13490.0,91.6915,42.88658,17,3,18310,1077.0588235294117,29700,1747.0588235294117,20025,1177.9411764705883
241,2490.0,2590.0,13490.0,89.50412,42.88658,17,3,18065,1062.6470588235295,29700,1747.0588235294117,20270,1192.3529411764705
242,2490.0,2590.0,13490.0,45.1333,19.4939,17,5,19535,1149.1176470588234,13500,794.1176470588235,18800,1105.8823529411766
243,2490.0,2590.0,13490.0,99.03917,5.48717,20,2,22795,1139.75,3800,190.0,22305,1115.25
244,2352.0,2393.0,12032.0,53.85776,17.06777,20,4,6920,346.0,5440,272.0,6920,346.0
245,2400.0,2650.0,13600.0,86.85501,62.2734,24,5,28200,1175.0,45200,1883.3333333333333,24800,1033.3333333333333
246,2490.0,2590.0,13490.0,80.03557,9.93122,16,1,4800,300.0,3200,200.0,144000,9000.0
247,2490.0,2590.0,13490.0,99.03917,5.48717,20,2,22795,1139.75,3800,190.0,22305,1115.25
248,2400.0,2650.0,13600.0,63.27741,30.95981,10,7,12800,1280.0,16200,1620.0,12600,1260.0
249,2400.0,2650.0,13600.0,63.27741,30.95981,10,7,12800,1280.0,16200,1620.0,12600,1260.0
250,2480.0,2860.0,13600.0,87.51849,35.33725,17,6,21350,1255.8823529411766,25500,1500.0,18650,1097.0588235294117
251,2352.0,2698.0,12032.0,91.04099,82.72951,211,8,76200,361.13744075829385,72150,341.9431279620853,118900,563.5071090047394
252,800.0,2000.0,1200.0,94.73684,61.25625,8,2,4400,550.0,3600,450.0,5520,690.0
253,2352.0,2698.0,5898.0,81.2606,51.2225,10,4,11350,1135.0,18900,1890.0,9400,940.0
254,2352.0,2698.0,5898.0,81.79026,59.62287,11,5,12000,1090.909090909091,21200,1927.2727272727273,11150,1013.6363636363636
255,2352.0,2698.0,5898.0,69.42476,47.1185,9,3,9800,1088.888888888889,17300,1922.2222222222222,8950,994.4444444444445
256,1000.0,2000.0,1200.0,97.05882,69.3,48,2,22400,466.6666666666667,10080,210.0,18400,383.3333333333333
257,1000.0,2000.0,1200.0,86.27451,46.2,32,2,14600,456.25,6720,210.0,12600,393.75
258,800.0,2000.0,1200.0,95.65217,57.75,32,2,13600,425.0,6720,210.0,13600,425.0
259,800.0,2000.0,1200.0,95.65217,57.75,32,2,13600,425.0,6720,210.0,13600,425.0
260,1870.0,2135.0,3050.0,91.37255,80.3648,2,2,1700,850.0,4000,2000.0,5100,2550.0
261,2040.0,2674.0,8880.0,72.22222,38.78593,13,1,9490,730.0,9490,730.0,35256,2712.0
262,2040.0,2674.0,8880.0,72.22222,38.78593,13,1,9490,730.0,9490,730.0,35256,2712.0
263,800.0,2300.0,1200.0,81.25439,72.86988,14,7,7490,535.0,5760,411.42857142857144,6660,475.7142857142857
264,800.0,2300.0,1200.0,81.25439,72.86988,14,7,7490,535.0,5760,411.42857142857144,6660,475.7142857142857
265,800.0,2300.0,1200.0,76.01401,68.17024,14,9,7230,516.4285714285714,5500,392.85714285714283,6720,480.0
266,800.0,2300.0,1200.0,73.3234,68.54144,15,9,7710,514.0,5440,362.6666666666667,7350,490.0
267,800.0,1800.0,1200.0,78.38664,67.87703,12,8,5890,490.8333333333333,4500,375.0,5650,470.8333333333333
268,800.0,1800.0,1200.0,75.8773,74.61267,14,8,7210,515.0,4700,335.7142857142857,7610,543.5714285714286
269,800.0,1800.0,1200.0,75.8773,74.61267,14,8,7210,515.0,4700,335.7142857142857,7610,543.5714285714286
270,800.0,1800.0,1200.0,75.8773,74.61267,14,8,7210,515.0,4700,335.7142857142857,7610,543.5714285714286
271,2352.0,2698.0,5898.0,71.91084,12.12593,510,3,174750,342.6470588235294,54900,107.6470588235294,188550,369.70588235294116
272,800.0,1800.0,1200.0,75.85736,71.79583,15,7,7360,490.6666666666667,5490,366.0,7120,474.6666666666667
273,2480.0,2860.0,13600.0,45.38469,36.49818,17,16,18850,1108.8235294117646,13900,817.6470588235294,24200,1423.5294117647059
274,2490.0,2590.0,13490.0,45.44157,40.35352,16,15,18550,1159.375,13800,862.5,22500,1406.25
275,240.0,295.0,315.0,100.0,77.48184,12,1,1440,120.0,1440,120.0,1200,100.0
276,2352.0,2393.0,12032.0,74.01656,36.89443,22,1,22880,1040.0,28600,1300.0,18480,840.0
277,2352.0,2385.0,12032.0,100.0,86.05242,3,1,6600,2200.0,6600,2200.0,12000,4000.0
278,2500.0,2472.0,9550.0,95.01188,77.20498,183,3,109476,598.2295081967213,128049,699.7213114754098,109260,597.0491803278688
279,2480.0,2860.0,13600.0,26.25879,13.62401,17,11,8900,523.5294117647059,5880,345.88235294117646,34200,2011.764705882353
280,2480.0,2860.0,13600.0,69.2705,13.62401,17,11,8500,500.0,5680,334.11764705882354,34800,2047.0588235294117
281,2490.0,2590.0,13490.0,83.19503,81.91017,6,4,13160,2193.3333333333335,9050,1508.3333333333333,25100,4183.333333333333
282,2352.0,2698.0,12032.0,77.09112,75.92953,12,12,19405,1617.0833333333333,16060,1338.3333333333333,17670,1472.5
283,2352.0,2698.0,12032.0,63.99743,55.15117,13,11,16235,1248.8461538461538,11915,916.5384615384615,31480,2421.5384615384614
284,2352.0,2698.0,12032.0,33.7685,16.16527,7,7,8155,1165.0,9805,1400.7142857142858,10420,1488.5714285714287
285,2400.0,2650.0,13600.0,83.18066,60.46985,33,7,32700,990.9090909090909,60400,1830.3030303030303,29000,878.7878787878788
286,2352.0,2393.0,5898.0,52.31018,26.89373,5,5,6130,1226.0,5290,1058.0,7035,1407.0
287,2352.0,2393.0,5898.0,56.73185,31.69028,5,5,6835,1367.0,5765,1153.0,7260,1452.0
288,2432.0,2698.0,12032.0,93.75,86.63887,27,3,32400,1200.0,67500,2500.0,22800,844.4444444444445
289,2432.0,2698.0,12032.0,93.69534,84.68341,27,3,32400,1200.0,65985,2443.8888888888887,22800,844.4444444444445
290,800.0,2330.0,1200.0,69.55128,65.19313,57,6,27210,477.36842105263156,26370,462.63157894736844,19800,347.36842105263156
291,800.0,2500.0,1210.0,73.23593,63.13669,62,13,33700,543.5483870967741,25720,414.83870967741933,26000,419.35483870967744
292,800.0,2500.0,1202.0,69.76986,63.90919,48,6,16830,350.625,23070,480.625,22290,464.375
293,1000.0,2330.0,1100.0,64.4102,61.83379,14,7,6240,445.7142857142857,7750,553.5714285714286,6710,479.2857142857143
294,1000.0,2330.0,1100.0,64.4102,61.83379,30,13,11850,395.0,15440,514.6666666666666,14140,471.3333333333333
295,1000.0,2330.0,1100.0,93.80042,54.43777,42,8,18560,441.9047619047619,20760,494.2857142857143,20440,486.6666666666667
296,1000.0,2330.0,1100.0,89.60319,45.38498,24,8,11180,465.8333333333333,15580,649.1666666666666,11260,469.1666666666667
297,1000.0,2330.0,1300.0,93.33333,50.58303,41,6,16380,399.5121951219512,23270,567.560975609756,16070,391.9512195121951
298,2352.0,2393.0,5898.0,75.40325,51.77125,31,5,12836,414.06451612903226,24561,792.2903225806451,53440,1723.8709677419354
299,2352.0,2393.0,5898.0,100.0,27.08164,4,1,6200,1550.0,4000,1000.0,5800,1450.0
300,2480.0,2860.0,13600.0,81.41647,48.84073,1800,4,698299,387.94388888888886,221000,122.77777777777777,995501,553.0561111111111
301,2490.0,2590.0,13490.0,100.0,29.13158,33,2,38400,1163.6363636363637,26400,800.0,27600,836.3636363636364
302,1978.0,2100.0,4168.0,36.05152,11.65422,33,3,31555,956.2121212121212,4050,122.72727272727273,16575,502.27272727272725
303,2490.0,2590.0,13490.0,77.77562,38.6164,34,15,51600,1517.6470588235295,4460,131.1764705882353,169642,4989.470588235294
304,2432.0,2698.0,12032.0,96.86343,81.71033,26,3,31200,1200.0,63540,2443.846153846154,22000,846.1538461538462
305,2432.0,2698.0,12032.0,96.98482,87.65649,28,3,33600,1200.0,68430,2443.9285714285716,23600,842.8571428571429
306,2490.0,2590.0,13490.0,49.18831,34.94459,21,10,22790,1085.2380952380952,15980,760.952380952381,39280,1870.4761904761904
307,2490.0,2590.0,13490.0,100.0,65.54606,33,1,26400,800.0,59400,1800.0,39600,1200.0
308,2490.0,2590.0,13490.0,100.0,65.54606,33,1,26400,800.0,59400,1800.0,39600,1200.0
309,800.0,1200.0,1200.0,94.93671,83.07292,60,2,15800,263.3333333333333,13200,220.0,16600,276.6666666666667
310,2400.0,2650.0,13600.0,85.87461,61.57048,22,5,27200,1236.3636363636363,41400,1881.8181818181818,23800,1081.8181818181818
311,800.0,2000.0,1200.0,87.90436,83.07292,100,2,26360,263.6,22000,220.0,27640,276.4
312,800.0,2000.0,1200.0,79.11392,41.53646,50,2,13220,264.4,11000,220.0,13780,275.6
313,2352.0,2393.0,5898.0,82.43436,14.75469,54,4,25310,468.7037037037037,24065,445.64814814814815,25082,464.48148148148147
314,2352.0,2393.0,5898.0,62.43912,55.42313,16,14,14710,919.375,15600,975.0,21740,1358.75
315,2352.0,2393.0,5898.0,100.0,34.34156,1,1,1900,1900.0,1250,1250.0,4800,4800.0
316,2490.0,2590.0,13490.0,77.19809,72.50368,214,10,146356,683.9065420560747,64014,299.13084112149534,374950,1752.1028037383178
317,2490.0,2590.0,13490.0,76.90801,72.23125,207,7,144776,699.4009661835748,62434,301.6135265700483,369090,1783.0434782608695
318,2600.0,2650.0,9700.0,94.23802,9.97112,40,3,16726,418.15,18410,460.25,37904,947.6
319,2352.0,2393.0,5898.0,82.76155,20.40612,72,3,31400,436.1111111111111,40200,558.3333333333334,28000,388.8888888888889
320,2352.0,2393.0,5898.0,72.20561,17.80339,60,2,27000,450.0,33000,550.0,24000,400.0
321,2352.0,2393.0,5898.0,64.63815,24.31021,90,2,51000,566.6666666666666,39000,433.3333333333333,33000,366.6666666666667
322,2352.0,2698.0,12032.0,95.36462,90.41176,342,9,161760,472.9824561403509,107400,314.03508771929825,137140,400.99415204678365
323,2352.0,2698.0,12032.0,86.3447,79.26114,508,8,160100,315.15748031496065,143700,282.87401574803147,259950,511.71259842519686
324,2352.0,2698.0,12032.0,82.53449,79.53658,411,7,128000,311.43552311435525,229300,557.9075425790754,115100,280.0486618004866
325,2432.0,2698.0,12032.0,98.68421,78.79577,24,1,28800,1200.0,28800,1200.0,43200,1800.0
326,2352.0,2698.0,12032.0,94.77509,91.33256,362,9,167740,463.37016574585635,112600,311.0497237569061,146760,405.414364640884
327,2352.0,2698.0,12032.0,86.3447,79.26114,508,8,160100,315.15748031496065,143700,282.87401574803147,259950,511.71259842519686
328,2352.0,2698.0,12032.0,93.90776,89.03057,312,9,151360,485.12820512820514,99600,319.2307692307692,124140,397.88461538461536
329,800.0,2300.0,1200.0,95.1275,90.28841,11,2,4480,407.27272727272725,4370,397.27272727272725,12430,1130.0
330,2352.0,2698.0,12032.0,83.58086,75.21865,12,7,26300,2191.6666666666665,21600,1800.0,15200,1266.6666666666667
331,2352.0,2385.0,12032.0,79.47428,69.14196,11,6,24000,2181.818181818182,21300,1936.3636363636363,11100,1009.0909090909091
332,2600.0,2650.0,9700.0,34.03689,32.11027,15,12,11090,739.3333333333334,19820,1321.3333333333333,26750,1783.3333333333333
333,1000.0,2300.0,1300.0,100.0,96.40054,8,1,3920,490.0,4560,570.0,10320,1290.0
334,2432.0,2698.0,12032.0,73.3037,59.77322,13,1,14300,1100.0,14300,1100.0,39000,3000.0
335,2352.0,2393.0,12032.0,51.57113,29.89031,30,4,32320,1077.3333333333333,21640,721.3333333333334,28840,961.3333333333334
336,2352.0,2393.0,12032.0,50.1386,29.89031,30,4,35120,1170.6666666666667,21640,721.3333333333334,26040,868.0
337,2352.0,2393.0,5898.0,67.13935,60.97664,30,4,36640,1221.3333333333333,21640,721.3333333333334,24520,817.3333333333334
338,2480.0,2650.0,13600.0,67.60336,37.25215,153,8,131485,859.3790849673203,94172,615.5032679738562,70931,463.60130718954247
339,2480.0,2650.0,13600.0,32.71058,17.28106,81,5,60885,751.6666666666666,58272,719.4074074074074,33931,418.9012345679012
340,2600.0,2650.0,9700.0,50.05701,6.00489,5,5,3840,768.0,5775,1155.0,3830,766.0
341,2400.0,1615.0,3700.0,11.97505,11.49308,4,4,2980,745.0,3625,906.25,2590,647.5
342,1978.0,2100.0,4168.0,14.9335,9.52026,4,4,3220,805.0,3625,906.25,2350,587.5
343,2480.0,2860.0,13600.0,90.61593,74.14373,626,24,245048,391.4504792332268,35447,56.62460063897763,1262426,2016.6549520766773
344,2480.0,2860.0,13600.0,78.91708,38.23124,7,4,13960,1994.2857142857142,14530,2075.714285714286,8540,1220.0
345,2480.0,2860.0,13600.0,45.57738,38.51919,1242,20,42022,33.8341384863124,47814,38.4975845410628,2936906,2364.658615136876
346,2480.0,2860.0,13600.0,39.69315,39.32862,1244,22,54452,43.77170418006431,48814,39.239549839228296,2929476,2354.8842443729905
347,2480.0,2860.0,13600.0,45.57738,38.51919,1242,20,42022,33.8341384863124,47814,38.4975845410628,2936906,2364.658615136876
348,2480.0,2860.0,13600.0,63.5741,34.94789,32,5,31296,978.0,27720,866.25,43710,1365.9375
349,2400.0,2300.0,6120.0,83.807,63.90284,24,5,20516,854.8333333333334,20760,865.0,33130,1380.4166666666667
350,2480.0,2860.0,13600.0,63.5741,34.94789,32,5,31296,978.0,27720,866.25,43710,1365.9375
351,1978.0,2100.0,4168.0,72.1063,27.30592,8,2,12408,1551.0,3600,450.0,6650,831.25
352,2040.0,2674.0,8880.0,94.98723,23.44868,17,2,9110,535.8823529411765,13740,808.2352941176471,28830,1695.8823529411766
353,2480.0,2860.0,13600.0,45.57738,38.51919,1242,20,42022,33.8341384863124,47814,38.4975845410628,2936906,2364.658615136876
354,2480.0,2860.0,13600.0,39.69315,39.32862,1244,22,54452,43.77170418006431,48814,39.239549839228296,2929476,2354.8842443729905
355,2480.0,2860.0,13600.0,45.57738,38.51919,1242,20,42022,33.8341384863124,47814,38.4975845410628,2936906,2364.658615136876
356,2490.0,2590.0,13490.0,85.14261,67.58748,20,1,24000,1200.0,49000,2450.0,20000,1000.0
357,2480.0,2860.0,13600.0,19.32758,15.49953,582,7,12791,21.977663230240548,13640,23.436426116838486,1389356,2387.2096219931273
358,2480.0,2860.0,13600.0,19.32758,15.49953,582,7,12791,21.977663230240548,13640,23.436426116838486,1389356,2387.2096219931273
359,2480.0,2860.0,13600.0,59.31931,46.39305,583,5,18490,31.71526586620926,24080,41.303602058319036,1397550,2397.169811320755
360,2480.0,2860.0,13600.0,59.31931,46.39305,583,5,18490,31.71526586620926,24080,41.303602058319036,1397550,2397.169811320755
361,2480.0,2860.0,13600.0,77.83743,67.36758,26,7,29200,1123.076923076923,42125,1620.1923076923076,22235,855.1923076923077
362,2352.0,2385.0,12032.0,94.64286,19.63145,53,1,26500,500.0,53000,1000.0,26500,500.0
363,2432.0,2698.0,12032.0,52.19922,38.59184,10,10,11520,1152.0,11540,1154.0,22970,2297.0
364,2352.0,2393.0,5898.0,49.34629,26.71115,5,4,9070,1814.0,4750,950.0,4090,818.0
365,2352.0,2385.0,12032.0,82.71199,64.16595,592,5,279000,471.2837837837838,194000,327.7027027027027,279000,471.2837837837838
366,2480.0,2860.0,13600.0,75.16324,65.05309,25,6,27980,1119.2,40625,1625.0,21015,840.6
367,2480.0,2860.0,13600.0,75.1503,65.04189,18,5,27000,1500.0,39890,2216.1111111111113,20280,1126.6666666666667
368,2120.0,2070.0,3700.0,72.23311,36.12149,315,3,60480,192.0,109870,348.7936507936508,87850,278.8888888888889
369,2480.0,2860.0,13600.0,67.9907,58.4876,16,5,24680,1542.5,35950,2246.875,17580,1098.75
370,2480.0,2860.0,13600.0,76.84743,66.73258,18,6,27070,1503.888888888889,41010,2278.3333333333335,20210,1122.7777777777778
371,2480.0,2860.0,13600.0,77.57774,33.9595,10,4,17240,1724.0,20690,2069.0,10040,1004.0
372,2400.0,2650.0,13600.0,93.01223,56.26156,30,5,28600,953.3333333333334,57500,1916.6666666666667,26200,873.3333333333334
373,2352.0,2698.0,12032.0,97.13501,77.02018,168,6,98400,585.7142857142857,71400,425.0,554400,3300.0
374,2352.0,2698.0,12032.0,97.13501,77.02018,168,6,98400,585.7142857142857,71400,425.0,554400,3300.0
375,2352.0,2698.0,12032.0,97.13501,77.02018,168,6,98400,585.7142857142857,71400,425.0,554400,3300.0
376,2352.0,2393.0,5898.0,99.62193,52.38896,57,5,19300,338.5964912280702,19500,342.10526315789474,188100,3300.0
377,2352.0,2698.0,12032.0,97.13501,77.02018,168,6,98400,585.7142857142857,71400,425.0,554400,3300.0
378,2352.0,2393.0,5898.0,81.08839,44.70458,136,3,105440,775.2941176470588,48540,356.9117647058824,448800,3300.0
379,2352.0,2393.0,5898.0,57.98934,41.8714,117,2,95940,820.0,47970,410.0,386100,3300.0
380,2282.0,2494.0,5000.0,97.87578,13.06481,24,3,13360,556.6666666666666,8220,342.5,17960,748.3333333333334
381,2352.0,2698.0,12032.0,64.74352,50.63045,12,12,16130,1344.1666666666667,11730,977.5,29220,2435.0
382,2490.0,2590.0,13490.0,87.64017,58.73029,2220,6,266694,120.13243243243244,1665420,750.1891891891892,973926,438.70540540540543
383,800.0,2000.0,1200.0,94.35143,43.659,1344,6,83051,61.79389880952381,221189,164.5751488095238,390608,290.6309523809524
384,800.0,2000.0,1200.0,87.94805,16.04728,494,3,117235,237.3178137651822,7540,15.263157894736842,130623,264.41902834008096
385,2490.0,2590.0,13490.0,64.23543,10.06973,355,14,92753,261.2760563380282,113577,319.9352112676056,96920,273.01408450704224
386,1978.0,2100.0,3089.0,32.98673,30.68663,216,7,49040,227.03703703703704,68220,315.8333333333333,56700,262.5
387,2490.0,2590.0,13490.0,55.77287,10.06973,355,23,113288,319.12112676056336,96588,272.07887323943663,93374,263.02535211267605
388,2480.0,2860.0,13600.0,82.45321,59.20694,8,8,15550,1943.75,17150,2143.75,13100,1637.5
389,2450.0,2650.0,8000.0,88.0,66.41509,15,5,17200,1146.6666666666667,29400,1960.0,15800,1053.3333333333333
390,2450.0,2650.0,8000.0,88.0,66.41509,15,5,17200,1146.6666666666667,29400,1960.0,15800,1053.3333333333333
391,2450.0,2650.0,8800.0,90.36545,66.65033,16,4,18600,1162.5,32000,2000.0,17200,1075.0
392,2359.0,2700.0,12022.0,56.32671,9.1471,48,9,70090,1460.2083333333333,17330,361.0416666666667,15430,321.4583333333333
393,2420.0,2500.0,6500.0,73.23586,29.29434,12,1,14400,1200.0,12000,1000.0,9600,800.0
394,1978.0,2100.0,4168.0,18.68839,16.2856,115,7,22655,197.0,196805,1711.3478260869565,31480,273.7391304347826
395,800.0,2000.0,1200.0,74.23567,67.92564,45,7,5040,112.0,73605,1635.6666666666667,18295,406.55555555555554
396,800.0,2000.0,1200.0,56.27605,47.63064,27,5,2660,98.51851851851852,41925,1552.7777777777778,12755,472.4074074074074
397,2400.0,2650.0,13600.0,91.17647,68.81243,22,6,25000,1136.3636363636363,44000,2000.0,27000,1227.2727272727273
398,1978.0,2100.0,4168.0,40.03403,26.7479,20,20,14870,743.5,10150,507.5,11700,585.0
399,1978.0,2100.0,4168.0,46.93645,26.7479,20,19,14400,720.0,8990,449.5,13330,666.5
400,2352.0,2698.0,12032.0,37.71856,6.06521,20,19,18490,924.5,8990,449.5,9240,462.0
401,2490.0,2590.0,13490.0,69.18857,5.32294,20,19,15190,759.5,8990,449.5,12540,627.0
402,800.0,2500.0,1200.0,79.66252,76.79467,14,13,5380,384.2857142857143,5950,425.0,10990,785.0
403,800.0,2500.0,1200.0,64.54621,35.88683,10,10,5470,547.0,4030,403.0,3920,392.0
404,2400.0,2650.0,13600.0,96.81373,73.06696,23,5,26400,1147.8260869565217,46000,2000.0,28400,1234.7826086956522
405,2400.0,2650.0,13600.0,92.67677,67.88753,23,6,27600,1200.0,43600,1895.6521739130435,26200,1139.1304347826087
406,2480.0,2860.0,13600.0,57.26473,50.13732,12,5,17800,1483.3333333333333,17900,1491.6666666666667,15850,1320.8333333333333
407,2480.0,2860.0,13600.0,54.19568,47.45025,12,5,17200,1433.3333333333333,17900,1491.6666666666667,13750,1145.8333333333333
408,2480.0,2860.0,13600.0,76.83394,68.20553,19,6,26450,1392.1052631578948,42290,2225.7894736842104,22050,1160.5263157894738
409,2480.0,2860.0,13600.0,59.05741,19.42135,7,5,10440,1491.4285714285713,12010,1715.7142857142858,8040,1148.5714285714287
410,2480.0,2860.0,13600.0,59.05741,19.42135,7,5,10440,1491.4285714285713,12010,1715.7142857142858,8040,1148.5714285714287
411,2490.0,2590.0,13490.0,72.31059,11.29115,5,4,5760,1152.0,7950,1590.0,5010,1002.0
412,2480.0,2860.0,13600.0,83.43882,13.12018,4,2,8000,2000.0,7910,1977.5,3200,800.0
413,800.0,1800.0,1200.0,72.2806,65.09269,104,37,31374,301.6730769230769,21162,203.48076923076923,29854,287.0576923076923
414,800.0,1800.0,1200.0,70.58244,65.09269,104,37,30170,290.09615384615387,21162,203.48076923076923,31058,298.63461538461536
415,800.0,2330.0,1200.0,69.55128,65.19313,57,6,27210,477.36842105263156,26370,462.63157894736844,19800,347.36842105263156
416,1000.0,2330.0,1100.0,81.90553,65.18568,62,13,33700,543.5483870967741,25720,414.83870967741933,26000,419.35483870967744
417,800.0,2500.0,1202.0,69.76986,63.90919,48,6,16830,350.625,23070,480.625,22290,464.375
418,800.0,2500.0,1200.0,69.88614,64.01571,30,13,11850,395.0,15440,514.6666666666666,14140,471.3333333333333
419,800.0,2330.0,1200.0,69.55128,65.19313,57,6,27210,477.36842105263156,26370,462.63157894736844,19800,347.36842105263156
420,800.0,2500.0,1210.0,73.23593,63.13669,62,13,33700,543.5483870967741,25720,414.83870967741933,26000,419.35483870967744
421,800.0,2500.0,1202.0,69.76986,63.90919,48,6,16830,350.625,23070,480.625,22290,464.375
422,1000.0,2330.0,1100.0,64.4102,61.83379,14,7,6240,445.7142857142857,7750,553.5714285714286,6710,479.2857142857143
423,1000.0,2330.0,1100.0,81.90553,65.18568,62,13,33700,543.5483870967741,25720,414.83870967741933,26000,419.35483870967744
424,500.0,450.0,600.0,100.0,66.66667,15,1,7500,500.0,450,30.0,6000,400.0
425,500.0,450.0,600.0,100.0,70.0,90,1,31500,350.0,1350,15.0,18000,200.0
426,800.0,2500.0,1200.0,85.90211,85.5585,14,5,5980,427.14285714285717,7720,551.4285714285714,6640,474.2857142857143
427,1000.0,2330.0,1100.0,93.80042,54.43777,42,8,18560,441.9047619047619,20760,494.2857142857143,20440,486.6666666666667
428,1000.0,2330.0,1100.0,89.60319,45.38498,24,8,11180,465.8333333333333,15580,649.1666666666666,11260,469.1666666666667
429,1000.0,2330.0,1300.0,93.33333,50.58303,41,6,16380,399.5121951219512,23270,567.560975609756,16070,391.9512195121951
430,1000.0,2330.0,1300.0,93.33333,50.58303,3,2,1970,656.6666666666666,3320,1106.6666666666667,2400,800.0
431,1000.0,2330.0,1300.0,100.0,40.50446,37,5,13880,375.13513513513516,19470,526.2162162162163,12470,337.02702702702703
432,1000.0,2330.0,1300.0,100.0,40.50446,2,1,1440,720.0,2840,1420.0,1200,600.0
433,800.0,2500.0,1200.0,91.01564,83.41583,37,4,15320,414.05405405405406,18990,513.2432432432432,12310,332.7027027027027
434,800.0,2500.0,1200.0,91.01564,83.41583,37,4,15320,414.05405405405406,18990,513.2432432432432,12310,332.7027027027027
435,1000.0,2330.0,1300.0,100.0,40.50446,2,1,1440,720.0,2840,1420.0,1200,600.0
436,800.0,2000.0,1200.0,100.0,93.0,96,1,19200,200.0,29760,310.0,28800,300.0
437,2480.0,2860.0,13600.0,87.57839,32.43181,6,4,5898,983.0,4787,797.8333333333334,22155,3692.5
438,2480.0,2860.0,13600.0,87.57839,32.43181,6,4,5898,983.0,4787,797.8333333333334,22155,3692.5
439,2480.0,2700.0,5800.0,100.0,17.52462,8,1,6560,820.0,6640,830.0,10000,1250.0
440,2352.0,2393.0,12032.0,85.99415,73.57107,2,2,3310,1655.0,4450,2225.0,10580,5290.0
441,2359.0,2700.0,12022.0,46.06144,19.08094,23,3,16540,719.1304347826087,29670,1290.0,15730,683.9130434782609
442,2480.0,2860.0,13600.0,91.01151,75.2907,16,10,17307,1081.6875,28112,1757.0,24089,1505.5625
443,2490.0,2590.0,13490.0,69.07196,43.84379,8,5,8580,1072.5,6810,851.25,15640,1955.0
444,800.0,2000.0,1200.0,89.6649,89.6649,226,13,41280,182.65486725663717,50820,224.86725663716814,52810,233.67256637168143
445,2480.0,2860.0,13600.0,89.11539,72.10979,13,5,14200,1092.3076923076924,30100,2315.3846153846152,27640,2126.153846153846
446,2480.0,2860.0,13600.0,93.47357,73.92766,14,4,14570,1040.7142857142858,33110,2365.0,28900,2064.285714285714
447,800.0,1800.0,1200.0,69.12774,64.2888,69,45,22434,325.1304347826087,13695,198.47826086956522,14210,205.94202898550725
448,2480.0,2860.0,13600.0,93.47357,73.92766,14,4,14570,1040.7142857142858,33110,2365.0,28900,2064.285714285714
449,800.0,1800.0,1200.0,68.07583,61.30606,43,40,15117,351.5581395348837,9545,221.97674418604652,9868,229.48837209302326
450,800.0,1800.0,1200.0,74.73759,64.06673,46,42,10068,218.8695652173913,9134,198.56521739130434,13664,297.04347826086956
451,800.0,950.0,1200.0,86.35644,71.78947,88,2,22240,252.72727272727272,8800,100.0,26160,297.27272727272725
452,2480.0,2860.0,13600.0,88.84919,70.27026,16,6,16970,1060.625,33910,2119.375,31300,1956.25
453,2480.0,2860.0,13600.0,89.19587,70.54445,16,6,16550,1034.375,33910,2119.375,32080,2005.0
454,2210.0,1960.0,4850.0,83.33333,13.70889,10,1,6000,600.0,6000,600.0,8000,800.0
455,800.0,2500.0,1200.0,92.87483,92.13183,42,8,18560,441.9047619047619,20760,494.2857142857143,20440,486.6666666666667
456,800.0,2500.0,1200.0,85.90211,85.5585,24,8,11180,465.8333333333333,15580,649.1666666666666,11260,469.1666666666667
457,800.0,2500.0,1200.0,82.78877,77.81317,41,6,16380,399.5121951219512,23270,567.560975609756,16070,391.9512195121951
458,1010.0,2330.0,1300.0,82.25598,82.25598,38,6,13880,365.2631578947368,18520,487.36842105263156,21400,563.1578947368421
459,1010.0,2330.0,1300.0,80.55179,80.55179,36,6,13320,370.0,17760,493.3333333333333,20420,567.2222222222222
460,1000.0,2300.0,1300.0,82.7784,82.41849,18,6,7180,398.8888888888889,9210,511.6666666666667,9360,520.0
461,1060.0,2330.0,1360.0,85.90096,73.36606,36,7,12300,341.6666666666667,20500,569.4444444444445,18700,519.4444444444445
462,1060.0,2330.0,1360.0,78.05612,73.36606,36,8,13740,381.6666666666667,18000,500.0,19760,548.8888888888889
463,1060.0,2330.0,1360.0,78.05612,73.36606,36,8,13740,381.6666666666667,18000,500.0,19760,548.8888888888889
464,1000.0,2330.0,1300.0,73.18317,69.4624,34,5,15740,462.94117647058823,14560,428.2352941176471,16500,485.29411764705884
465,1010.0,2330.0,1300.0,82.25598,82.25598,38,6,13880,365.2631578947368,18520,487.36842105263156,21400,563.1578947368421
466,1010.0,2330.0,1300.0,80.55179,80.55179,36,6,13320,370.0,17760,493.3333333333333,20420,567.2222222222222
467,800.0,2000.0,1200.0,99.43182,98.4375,66,2,23700,359.09090909090907,17640,267.27272727272725,18000,272.72727272727275
468,2480.0,2650.0,13600.0,91.72142,68.87481,4,2,9100,2275.0,7000,1750.0,13550,3387.5
469,2352.0,2393.0,12032.0,100.0,23.02181,4,1,5800,1450.0,3840,960.0,11200,2800.0
470,,,,,,0,0,0,,0,,0,
471,800.0,1800.0,1200.0,74.73759,64.06673,46,42,10068,218.8695652173913,9134,198.56521739130434,13664,297.04347826086956
472,800.0,1800.0,1200.0,64.10234,64.06673,46,39,14749,320.6304347826087,9134,198.56521739130434,8983,195.2826086956522
473,2480.0,2860.0,13600.0,70.83333,57.10016,240,3,100800,420.0,180000,750.0,151200,630.0
474,2480.0,2650.0,13600.0,70.49989,42.56597,15,5,11340,756.0,9060,604.0,30020,2001.3333333333333
475,800.0,1800.0,1200.0,72.2806,65.09269,104,37,31374,301.6730769230769,21162,203.48076923076923,29854,287.0576923076923
476,2480.0,2650.0,13600.0,70.49989,42.56597,15,5,11340,756.0,9060,604.0,30020,2001.3333333333333
477,800.0,1800.0,1200.0,70.58244,65.09269,104,37,30170,290.09615384615387,21162,203.48076923076923,31058,298.63461538461536
478,800.0,2000.0,1200.0,100.0,72.45,3,1,630,210.0,5760,1920.0,3450,1150.0
479,2352.0,2698.0,12032.0,84.17817,68.56407,100,2,192200,1922.0,120700,1207.0,22000,220.0
480,2352.0,2698.0,12032.0,84.17817,68.56407,100,2,192200,1922.0,120700,1207.0,22000,220.0
481,800.0,1800.0,1200.0,68.03047,64.2888,69,55,19502,282.6376811594203,13885,201.231884057971,16952,245.68115942028984
482,800.0,1800.0,1200.0,65.60081,64.2888,69,46,15774,228.6086956521739,23227,336.6231884057971,11338,164.31884057971016
483,800.0,1800.0,1200.0,64.36031,64.2888,69,48,16632,241.04347826086956,14170,205.36231884057972,19537,283.1449275362319
484,800.0,1800.0,1200.0,69.58499,64.2888,69,51,19187,278.07246376811594,17293,250.6231884057971,13859,200.85507246376812
485,800.0,1800.0,1200.0,65.30465,64.2888,69,49,18189,263.60869565217394,13695,198.47826086956522,18455,267.463768115942
486,800.0,1800.0,1200.0,64.10234,64.06673,46,39,14749,320.6304347826087,9134,198.56521739130434,8983,195.2826086956522
487,800.0,1800.0,1200.0,66.73617,64.06673,46,43,12466,271.0,9560,207.82608695652175,10840,235.65217391304347
488,800.0,1800.0,1200.0,67.08558,64.06673,46,44,11113,241.58695652173913,9170,199.34782608695653,12583,273.54347826086956
489,800.0,1800.0,1200.0,74.73759,64.06673,46,42,10068,218.8695652173913,9134,198.56521739130434,13664,297.04347826086956
490,2480.0,2650.0,13600.0,35.04518,5.48432,9,4,10560,1173.3333333333333,4090,454.44444444444446,13420,1491.111111111111
491,2350.0,2450.0,8000.0,45.88342,44.94703,15,9,13690,912.6666666666666,23950,1596.6666666666667,14200,946.6666666666666
492,2300.0,2450.0,8000.0,47.24321,46.27906,16,9,14340,896.25,24200,1512.5,17700,1106.25
493,2300.0,2450.0,8000.0,30.90353,30.27285,9,4,9500,1055.5555555555557,13500,1500.0,9500,1055.5555555555557
494,2300.0,2450.0,8000.0,30.90353,30.27285,9,4,9500,1055.5555555555557,15500,1722.2222222222222,7500,833.3333333333334
495,2210.0,1960.0,4850.0,91.54018,58.56268,8,4,7100,887.5,10100,1262.5,11900,1487.5
496,2480.0,2860.0,13600.0,85.31912,46.68379,10,5,12170,1217.0,19690,1969.0,19300,1930.0
497,2480.0,2860.0,13600.0,85.31912,46.68379,10,5,12170,1217.0,19690,1969.0,19300,1930.0
498,2480.0,2860.0,13600.0,75.26185,46.68379,10,5,12170,1217.0,19690,1969.0,19300,1930.0
499,2480.0,2860.0,13600.0,75.26185,46.68379,10,5,12170,1217.0,19690,1969.0,19300,1930.0
500,2480.0,2860.0,13600.0,70.83333,57.10016,240,3,100800,420.0,180000,750.0,151200,630.0
501,2480.0,2860.0,13600.0,70.3125,57.10016,240,3,79200,330.0,180000,750.0,172800,720.0
502,2480.0,2860.0,13600.0,39.97507,27.92807,39,4,39400,1010.2564102564103,20700,530.7692307692307,47000,1205.128205128205
503,2400.0,2650.0,13600.0,57.63234,50.02052,24,13,26350,1097.9166666666667,35400,1475.0,26700,1112.5
504,2480.0,2650.0,13600.0,44.59464,27.12824,17,7,18900,1111.764705882353,23350,1373.5294117647059,16100,947.0588235294117
505,2480.0,2860.0,13600.0,64.37381,40.51499,172,6,110047,639.8081395348837,121754,707.8720930232558,84381,490.58720930232556
506,2480.0,2860.0,13600.0,97.32179,11.13453,78,4,37401,479.5,46559,596.9102564102565,37642,482.5897435897436
507,800.0,1800.0,1200.0,82.13504,82.13504,85,39,19327,227.3764705882353,12980,152.7058823529412,29569,347.8705882352941
508,800.0,1800.0,1200.0,56.27628,54.02523,82,36,19827,241.79268292682926,12152,148.1951219512195,22303,271.9878048780488
509,800.0,1800.0,1200.0,65.63224,60.81921,83,38,21614,260.4096385542169,12195,146.9277108433735,22183,267.26506024096386
510,800.0,1800.0,1200.0,84.94123,83.38397,89,48,23098,259.5280898876405,17750,199.43820224719101,23532,264.40449438202245
511,800.0,1800.0,1200.0,84.94123,83.38397,89,48,23098,259.5280898876405,17750,199.43820224719101,23532,264.40449438202245
512,2400.0,2650.0,13600.0,59.79027,51.89344,26,13,28150,1082.6923076923076,37400,1438.4615384615386,28500,1096.1538461538462
513,2490.0,2590.0,13490.0,58.33333,42.48356,14,5,15600,1114.2857142857142,10400,742.8571428571429,49800,3557.1428571428573
514,2490.0,2590.0,13490.0,83.38114,30.06953,14,5,11400,814.2857142857143,10400,742.8571428571429,51000,3642.8571428571427
515,1000.0,2300.0,1300.0,78.5185,77.49435,17,5,7110,418.2352941176471,8530,501.7647058823529,8290,487.6470588235294
516,1060.0,2330.0,1360.0,85.90096,73.36606,36,7,12300,341.6666666666667,20500,569.4444444444445,18700,519.4444444444445
517,1060.0,2330.0,1360.0,78.05612,73.36606,36,8,13740,381.6666666666667,18000,500.0,19760,548.8888888888889
518,800.0,2000.0,1200.0,80.2589,34.1,88,2,21540,244.77272727272728,8800,100.0,26860,305.22727272727275
519,1060.0,2330.0,1360.0,78.05612,73.36606,36,8,13740,381.6666666666667,18000,500.0,19760,548.8888888888889
520,2400.0,2650.0,13600.0,69.51437,56.90437,32,10,38900,1215.625,43950,1373.4375,29950,935.9375
521,800.0,2500.0,1200.0,82.78877,77.81317,37,5,13880,375.13513513513516,19470,526.2162162162163,12470,337.02702702702703
522,1000.0,2330.0,1300.0,100.0,40.50446,37,4,15320,414.05405405405406,18990,513.2432432432432,12310,332.7027027027027
523,1000.0,2330.0,1300.0,100.0,40.50446,37,4,15320,414.05405405405406,18990,513.2432432432432,12310,332.7027027027027
524,800.0,2500.0,1200.0,90.51218,70.36417,32,3,11840,370.0,9200,287.5,15880,496.25
525,2432.0,2698.0,12032.0,98.61134,89.12657,28,3,33600,1200.0,68420,2443.5714285714284,24000,857.1428571428571
526,1000.0,2330.0,1300.0,73.18317,69.4624,34,5,15740,462.94117647058823,14560,428.2352941176471,16500,485.29411764705884
527,2480.0,2860.0,12600.0,95.92491,84.39142,554,2,187800,338.98916967509024,258000,465.7039711191336,287800,519.4945848375452
528,2450.0,2450.0,13550.0,79.69262,77.77817,637,3,265900,417.425431711146,254000,398.7441130298273,265900,417.425431711146
529,2450.0,2450.0,13550.0,84.5985,72.24542,537,3,225900,420.6703910614525,224000,417.13221601489755,225900,420.6703910614525
530,2450.0,2450.0,13550.0,58.35529,32.67396,175,3,70500,402.85714285714283,86500,494.2857142857143,81500,465.7142857142857
531,2400.0,2650.0,13600.0,69.51437,56.90437,32,10,38900,1215.625,43950,1373.4375,29950,935.9375
532,2352.0,2698.0,12032.0,71.67931,68.89198,8,7,10100,1262.5,15500,1937.5,17550,2193.75
533,2352.0,2698.0,12032.0,71.67931,68.89198,8,7,10100,1262.5,15500,1937.5,17550,2193.75
534,2400.0,2650.0,13600.0,74.09029,60.6502,36,10,42500,1180.5555555555557,47950,1331.9444444444443,33550,931.9444444444445
535,2352.0,2698.0,12032.0,69.71802,59.18947,4,4,5000,1250.0,8200,2050.0,14600,3650.0
536,2490.0,2590.0,13490.0,43.66653,34.39371,29,26,19780,682.0689655172414,20270,698.9655172413793,45080,1554.4827586206898
537,2490.0,2590.0,13490.0,42.80376,33.71416,27,25,18260,676.2962962962963,19280,714.074074074074,43400,1607.4074074074074
538,2352.0,2385.0,12032.0,57.39796,56.1652,27,2,30600,1133.3333333333333,31590,1170.0,28800,1066.6666666666667
539,2352.0,2385.0,12032.0,55.27211,54.08501,26,2,29400,1130.7692307692307,30420,1170.0,27800,1069.2307692307693
540,2352.0,2385.0,12032.0,55.27211,54.08501,26,2,29400,1130.7692307692307,30420,1170.0,27800,1069.2307692307693
541,2352.0,2385.0,12032.0,55.27211,54.08501,26,2,29400,1130.7692307692307,30420,1170.0,27800,1069.2307692307693
542,1978.0,2100.0,4168.0,72.06703,54.39149,35,5,22270,636.2857142857143,27290,779.7142857142857,22190,634.0
543,1000.0,2330.0,1100.0,76.33322,69.1009,15,7,5400,360.0,6180,412.0,12250,816.6666666666666
544,2400.0,2300.0,6120.0,85.92912,85.10719,47,6,47700,1014.8936170212766,32956,701.1914893617021,57828,1230.3829787234042
545,2282.0,2494.0,5000.0,72.03363,46.66986,44,2,18280,415.45454545454544,27160,617.2727272727273,48360,1099.090909090909
546,1978.0,2100.0,4168.0,72.06703,54.39149,35,5,22270,636.2857142857143,27290,779.7142857142857,22190,634.0
547,1978.0,2100.0,4168.0,73.19202,49.43209,33,3,18920,573.3333333333334,34170,1035.4545454545455,13760,416.969696969697
548,1978.0,2100.0,4168.0,69.94074,51.91179,34,3,21320,627.0588235294117,34900,1026.4705882352941,13080,384.70588235294116
549,800.0,1800.0,1200.0,78.19096,78.14752,247,89,40401,163.5668016194332,39693,160.7004048582996,44734,181.1093117408907
550,800.0,2000.0,1200.0,81.76416,81.72327,270,96,46816,173.3925925925926,45835,169.75925925925927,48161,178.3740740740741
551,2480.0,2860.0,13600.0,96.64382,92.79553,973,4,413275,424.743062692703,208450,214.23432682425488,2151000,2210.688591983556
552,2480.0,2860.0,13600.0,57.48137,49.24104,25,24,29090,1163.6,34840,1393.6,24420,976.8
553,2480.0,2860.0,13600.0,58.3393,49.24104,25,23,24470,978.8,40840,1633.6,23040,921.6
554,2490.0,2590.0,13490.0,46.64721,30.78793,10,6,12070,1207.0,7980,798.0,15660,1566.0
555,2330.0,2698.0,12010.0,95.88089,57.57696,1449,2,286475,197.70531400966183,39550,27.294685990338163,8694000,6000.0
556,2352.0,2393.0,12032.0,94.56265,53.15996,1200,2,237900,198.25,32100,26.75,7200000,6000.0
557,2352.0,2393.0,12032.0,91.18541,13.28999,300,2,57900,193.0,9600,32.0,1800000,6000.0
558,2490.0,2590.0,13490.0,92.54325,82.39559,8,8,7430,928.75,8770,1096.25,19620,2452.5
559,2490.0,2590.0,13490.0,92.54325,82.39559,8,8,7430,928.75,8770,1096.25,19620,2452.5
560,2490.0,2590.0,13490.0,92.54325,82.39559,8,8,7430,928.75,8770,1096.25,19620,2452.5
561,800.0,2000.0,1200.0,72.82762,72.68197,102,53,25245,247.5,15558,152.52941176470588,30523,299.2450980392157
562,800.0,2000.0,1200.0,79.86997,79.43068,99,67,26381,266.47474747474746,20285,204.8989898989899,25180,254.34343434343435
563,800.0,2000.0,1200.0,80.2589,15.5,40,2,10020,250.5,4000,100.0,11980,299.5
564,220.0,135.0,270.0,100.0,77.81519,60,1,2400,40.0,2400,40.0,3900,65.0
565,800.0,2000.0,1200.0,62.0,15.5,40,4,10300,257.5,5050,126.25,10650,266.25
566,800.0,2000.0,1200.0,83.33333,8.23438,10,1,3100,310.0,1000,100.0,5100,510.0
567,2490.0,2590.0,13490.0,55.07126,10.06973,355,14,92653,260.9943661971831,113537,319.8225352112676,97060,273.40845070422534
568,1200.0,1800.0,2200.0,79.64019,78.7553,35,11,15270,436.2857142857143,12860,367.42857142857144,40470,1156.2857142857142
569,1200.0,1800.0,2200.0,79.12094,73.84621,34,7,20700,608.8235294117648,4300,126.47058823529412,40900,1202.9411764705883
570,1200.0,1800.0,2200.0,79.12094,73.84621,34,7,20700,608.8235294117648,4300,126.47058823529412,40900,1202.9411764705883
571,1200.0,1800.0,2200.0,67.50455,22.50152,10,5,5160,516.0,1280,128.0,13160,1316.0
572,1200.0,1800.0,2200.0,88.59972,78.7553,35,10,20360,581.7142857142857,7880,225.14285714285714,40360,1153.142857142857
573,2480.0,2860.0,13600.0,76.12721,14.51527,9,8,12920,1435.5555555555557,8270,918.8888888888889,10650,1183.3333333333333
574,2359.0,2700.0,12022.0,48.51001,41.37475,25,18,20560,822.4,25910,1036.4,28170,1126.8
575,2359.0,2700.0,12022.0,48.51001,41.37475,25,18,20560,822.4,25910,1036.4,28170,1126.8
576,2359.0,2700.0,12022.0,48.51001,41.37475,25,18,20560,822.4,25910,1036.4,28170,1126.8
577,2359.0,2700.0,12022.0,48.6333,40.74575,24,18,20010,833.75,25570,1065.4166666666667,25243,1051.7916666666667
578,2352.0,2698.0,12032.0,98.24176,84.30492,460,4,351800,764.7826086956521,184000,400.0,234500,509.7826086956522
579,2420.0,2450.0,13550.0,63.64827,6.23493,29,26,34945,1205.0,1740,60.0,70617,2435.0689655172414
580,2490.0,2590.0,13490.0,79.10819,36.20749,50,33,96785,1935.7,5200,104.0,154573,3091.46
581,2352.0,2385.0,12032.0,94.64265,66.25207,21,2,23200,1104.7619047619048,37100,1766.6666666666667,22800,1085.7142857142858
582,2352.0,2385.0,12032.0,94.64265,66.25207,21,2,23200,1104.7619047619048,37100,1766.6666666666667,22800,1085.7142857142858
583,2600.0,2650.0,9700.0,45.11657,25.71185,8,3,11700,1462.5,12400,1550.0,8700,1087.5
584,2600.0,2650.0,9700.0,68.84688,17.43809,8,4,9300,1162.5,9840,1230.0,7900,987.5
585,2600.0,2650.0,9700.0,86.95652,16.51879,4,2,5300,1325.0,9200,2300.0,3900,975.0
586,1000.0,2330.0,1100.0,79.12946,68.71463,14,5,5950,425.0,4880,348.57142857142856,12240,874.2857142857143
587,1000.0,2330.0,1100.0,76.33322,69.1009,15,7,5400,360.0,6180,412.0,12250,816.6666666666666
588,1000.0,2330.0,1100.0,82.084,69.39867,13,3,4860,373.84615384615387,5470,420.7692307692308,11970,920.7692307692307
589,800.0,2000.0,1200.0,100.0,75.0,12,1,4800,400.0,6000,500.0,7200,600.0
590,800.0,2500.0,1200.0,90.51218,70.36417,32,3,11840,370.0,9200,287.5,15880,496.25
591,800.0,2500.0,1200.0,90.51218,70.36417,32,3,11840,370.0,9200,287.5,15880,496.25
592,2040.0,2674.0,8880.0,87.27273,38.05116,18,6,18800,1044.4444444444443,19200,1066.6666666666667,17200,955.5555555555555
593,800.0,2000.0,1200.0,99.43182,98.4375,66,2,23700,359.09090909090907,17640,267.27272727272725,18000,272.72727272727275
594,2480.0,2700.0,13620.0,76.15648,26.94751,26,3,31200,1200.0,25600,984.6153846153846,20800,800.0
595,2480.0,2700.0,13620.0,76.15648,26.94751,26,3,31200,1200.0,25600,984.6153846153846,20800,800.0
596,800.0,2350.0,1200.0,89.15496,79.75931,20,3,7900,395.0,11700,585.0,7840,392.0
597,1978.0,2100.0,3089.0,55.5809,41.75434,48,7,23190,483.125,32480,676.6666666666666,17100,356.25
598,1978.0,2100.0,3089.0,49.37232,45.96287,51,10,20600,403.921568627451,33690,660.5882352941177,23350,457.84313725490193
599,1978.0,2100.0,3089.0,47.80008,45.96287,51,7,26760,524.7058823529412,32420,635.6862745098039,18460,361.96078431372547
600,1978.0,2100.0,3089.0,49.93126,47.09761,53,7,27680,522.2641509433962,34500,650.9433962264151,18120,341.8867924528302
601,1978.0,2100.0,3089.0,47.6821,44.10313,49,6,20640,421.2244897959184,34450,703.0612244897959,19320,394.2857142857143
602,1978.0,2100.0,3089.0,47.6821,44.10313,49,6,20640,421.2244897959184,34450,703.0612244897959,19320,394.2857142857143
603,1978.0,2100.0,3089.0,62.54826,53.02746,59,4,26040,441.35593220338984,46050,780.5084745762712,18560,314.5762711864407
604,2450.0,2450.0,13600.0,63.38312,45.05843,2000,5,494110,247.055,635800,317.9,490090,245.045
605,2450.0,2450.0,13600.0,80.63824,45.05843,2000,10,562860,281.43,446460,223.23,610680,305.34
606,800.0,2000.0,1200.0,99.43182,98.4375,66,2,23700,359.09090909090907,17640,267.27272727272725,18000,272.72727272727275
607,800.0,2000.0,1200.0,99.43182,98.4375,66,2,23700,359.09090909090907,17640,267.27272727272725,18000,272.72727272727275
608,800.0,1650.0,1200.0,95.3125,92.42424,53,7,18400,347.1698113207547,13600,256.60377358490564,16400,309.4339622641509
609,400.0,600.0,400.0,100.0,58.33333,40,2,6000,150.0,2800,70.0,6000,150.0
610,2400.0,2500.0,6100.0,55.72132,44.63278,7,4,8620,1231.4285714285713,11180,1597.142857142857,9900,1414.2857142857142
611,2450.0,2650.0,8800.0,58.69138,47.83901,18,8,20890,1160.5555555555557,21130,1173.888888888889,21340,1185.5555555555557
612,2490.0,2590.0,13490.0,82.7095,72.29493,54,11,51740,958.1481481481482,44230,819.074074074074,79380,1470.0
613,2400.0,2500.0,6100.0,55.72132,44.63278,7,4,8620,1231.4285714285713,11180,1597.142857142857,9900,1414.2857142857142
614,2480.0,2860.0,13600.0,92.20825,90.27382,966,4,264225,273.5248447204969,202620,209.75155279503105,2284025,2364.4151138716356
615,2490.0,2590.0,13490.0,100.0,58.26317,33,2,38400,1163.6363636363637,52800,1600.0,27600,836.3636363636364
616,800.0,1650.0,1200.0,74.02778,67.29798,33,8,11350,343.93939393939394,9400,284.8484848484849,11050,334.8484848484849
617,2500.0,2100.0,7500.0,94.44444,64.24381,17,1,13600,800.0,26350,1550.0,20400,1200.0
618,800.0,2000.0,1200.0,82.5,51.5625,33,2,13100,396.969696969697,8250,250.0,10000,303.030303030303
619,800.0,2000.0,1200.0,81.76416,81.72327,270,96,46816,173.3925925925926,45835,169.75925925925927,48161,178.3740740740741
